ts,prob,reason
1765010945.5342076,0.03,-
1765010946.016001,0.035,-
1765010946.5159173,0.035,-
1765010947.0161147,0.03,-
1765010947.5319214,0.03,-
1765010948.0161939,0.03,-
1765010948.5182943,0.03,-
1765010949.0256164,0.03,-
1765010949.5217378,0.03,-
1765010950.0188568,0.03,-
1765010950.5401928,0.03,-
1765010951.0339656,0.03,-
1765010951.5188408,0.03,-
1765010952.0285661,0.035,-
1765010952.5174487,0.035,-
1765010953.021493,0.035,-
1765010953.522251,0.03,-
1765010954.0329177,0.03,-
1765010954.5220892,0.03,-
1765010955.0205796,0.035,-
1765010955.558067,0.16,-
1765010956.231628,0.175,-
1765010957.2300816,0.175,-
1765010970.3319764,0.71,-
1765010973.930768,0.89,-
